,values
0,"
### Input:
고소작업 중 추락 위험이 있음에도 불구하고, 안전난간대, 안전고리 착용 등 안전장치가 미흡하였음.
### Response:
안전교육 실시 및 안전관리 철저."
1,"
### Input:
부주의
### Response:
안전교육 실시 및 안전관리 철저."
2,"
### Input:
3층 슬라브 작업시 이동중  미끄러짐
### Response:
작업자 안전교육 실시 및 안전장비 착용 철저."
3,"
### Input:
교각 기초철근 조립 중 강한 바람에 의해 기둥측 주철근이 균형을 잃고 전도되어, 하부에서 작업 중이던 철근공 2명이 철근에 부딪힌 사고
### Response:
작업자 안전교육 실시 및 현장 관리감독 철저."
4,"
### Input:
근로자의 부주의
### Response:
작업 전 안전교육 실시와 작업장 내 위험요소 제거 및 관리감독 강화."
5,"
### Input:
일정 거리를 두고 떨어져 있었지만 튕겨서 방향이 바뀔 것을 예상하고 좀 더 거리를 두었어야함
### Response:
작업자 안전교육 실시와 작업 전후 안전점검 철저."
6,"
### Input:
철골보와 기둥철판 사이 틈새를 고정하는 공구를 빠지지 않도록 하는 안전장치가 미비아여, 공구가 빠지면서 손가락 협착 발생
### Response:
안전교육 실시 및 철저한 관리감독을 통한 재발 방지 대책."
7,"
### Input:
비계계단에서 이동중 근로자 부주의로 인해 발을 헛디뎌 떨어짐
### Response:
작업 전 안전교육 실시와 작업장 내 위험요소 사전 제거 및 관리감독 철저."
8,"
### Input:
고소작업대 운전원과 동승자(재해자) 사이 소통 미흡
### Response:
동승자와의 사전 협의를 통한 안전교육 실시 및 고소작업대 운전원의 재발 방지 대책."
9,"
### Input:
기존 CIP 절단 작업 중 와이어쏘 날이 끊어져 재해자가 작업 CIP 뒤쪽으로 와이어 확인 및 교체작업 중 개구부로 추락
### Response:
재발 방지 대책과 향후 조치 계획."
10,"
### Input:
사고자(000) 단독으로 임의작업 시행(작업계획 3층, 사고현장 1층)으로 안전고리 미착용 등 근로자 부주의, 2인이상 작업 미시행
### Response:
근로자 교육 실시 및 재발 방지 대책 수립."
11,"
### Input:
1.작업자 단독작업 실시    2. 사다리 전도방지장치  및  2인1조 작업 미이행
### Response:
사고 재발 방지를 위한 안전교육 실시와 현장 관리감독 철저를 통한 재발 방지 대책 마련."
12,"
### Input:
작업바닥 정리정돈 미흡 및 작업자 부주의
### Response:
작업장 주변 정리정돈 철저와 안전교육 실시."
13,"
### Input:
파이프를 밟고 미끄러지면서 발목과 발가락이 꺽이면서 발가락 골절
### Response:
작업 전 안전교육 실시와 작업장 주변 정리정돈 철저, 사고사례 전파 및 재발 방지를 위한 조치 계획."
14,"
### Input:
자재 운반 시 임의로 많은 양을 운반하다 중심을 잃고 넘어짐
### Response:
작업 전 안전교육 실시 및 자재 운반 시 적정량 운반과 안전수칙 준수 철저 교육."
15,"
### Input:
창호구간 사춤작업을 위해 우마작업대를 들고 공구를 운반대차에 싣고 이동중 바닥의 결빙구간을 정확히 인지하지 못하여 미끄러져 넘어지면서 들고 가던 우마작업대가 위에 떨어지며 우측 가슴부위를 가격하여 충격을 받은 사고
### Response:
사고발생 후 안전교육 실시 및 재발 방지를 위한 조치 계획."
16,"
### Input:
작업자 부주의
### Response:
안전교육 실시 및 안전관리 철저."
17,"
### Input:
현장 내 조적 작업 진행 중 해당 작업자 허리에서 통증이 발생하였고, 병원 진료 등 확인 결과 척추추간판협착증, 전방전위증  등이 발생된걸로 확인
### Response:
작업자 안전교육 실시 및 재발 방지 대책 수립."
18,"
### Input:
경사각이 급한 구간을 빠르게 오르려다 넘어짐
### Response:
작업 전 안전교육 실시와 작업자 관리 철저."
19,"
### Input:
넘어지는 타일을 지지하다 피하는 과정에서 타일에 왼쪽 발을 부딪힘
### Response:
타일 작업 시 안전교육 실시와 작업 전후 안전점검 실시."
20,"
### Input:
2인1조로 밀어서 운반 하던 중 상호 의사소통 미흡으로,   한방향으로만 힘이 들어가 손가락이 자재와 자재 사이에 끼임
### Response:
작업 전 안전교육 실시 및 작업자 간 의사소통 철저."
21,"
### Input:
공사현장 내부 바닥자재에 걸려 넘어짐
### Response:
작업 전 안전교육 실시 및 작업 전후 안전점검 철저."
22,"
### Input:
작업자 미끄러짐
### Response:
안전교육 실시 및 안전장비 지급."
23,"
### Input:
우레탄폼 사춤작업 준비 중 얼어있는 우레탄폼 케이스를 토치로 가열하다 케이스가 폭발하면서 파편에 맞아 우측 발가락 골절됨
### Response:
안전교육 실시 및 안전장비 착용 철저, 작업 전후 안전점검 실시."
24,"
### Input:
작업자 부주의로 인해
### Response:
작업 전 안전교육 실시 및 작업장 주변 정리정돈 철저."
25,"
### Input:
본선터널 2-1구간(종점방향)의 천단부 보조공법(훠홀링) 시공중 차징카 붐대에 버켓을 연결하는 연결핀이 부러지면서 근로자 추락.
### Response:
작업 전 안전교육 실시 및 작업 전 사전 점검 철저, 현장 관리감독 강화."
26,"
### Input:
공연장 3층 정리자재를 1층으로 낙하 도중 자재가 바닥에 떨어지면서 튀어 주변 통제를 위해 신호를 하던 재해자 우측 눈 가격
### Response:
작업 전 안전교육 실시와 작업 전후 안전점검 실시, 사고사례 전파 및 향후 조치 계획."
27,"
### Input:
배관 파이프 고정 작업간 상호 안전상태 확인 미흡 및 타설중지 미실시
### Response:
작업 전 안전교육 실시와 배관파이프 고정 작업 시 상호 안전 상태 확인 철저, 타설 중지 조치 철저."
28,"
### Input:
적절한 보안경 미착용, 보조원의 위치 부적절
### Response:
작업 전 안전교육 실시 및 작업자 교육 철저."
29,"
### Input:
14층 실외기실 슬라브 도장작업 중 부주의로 인한 추락
### Response:
안전교육 실시 및 안전관리 철저."
30,"
### Input:
현장내 이동중 208동 외부계단에서 미끄러짐
### Response:
작업 전 안전교육 실시 및 현장 내 위험요소 제거."
31,"
### Input:
작업자 부주위
### Response:
작업자 안전교육 실시 및 작업장 정리정돈 철저."
32,"
### Input:
버림타설 후 동절기 보양천막 해체 작업 중 터파기 해 놓은 독립기초 상부 보양비닐을 밟아 단차부위로 넘어져 매립거푸집 지지를 위해 설치한 각파이프에 가슴을 부딪혀 늑골 골절
### Response:
동절기 보양천막 철거작업 시 안전교육 실시 및 현장관리 강화."
33,"
### Input:
크레인 승하강 시 하부 사다리를 확인하지 않고 내려오다 발을 헛디뎌 지반을 강하게 디딤
### Response:
작업 전후 안전교육 실시 및 작업자 관리 철저."
34,"
### Input:
배수로 드레인 이동통로 확보상태 미흡, 작업자의 불안전한 상태에서의 이동 작업
### Response:
작업자 안전교육 실시 및 배수로 통로 확보 철저."
35,"
### Input:
PE관 절단 중 톱날에 엄지손가락 베임
### Response:
작업 전 안전교육 실시 및 작업자 보호구 착용 철저."
36,"
### Input:
구체적인 사고원인이 확인 불가능하여 경찰 및 한국산업안전보건공단 사고조사팀 조사 중
### Response:
작업 전 안전교육 실시와 작업자 안전교육 철저, 안전관리감독자 배치, 안전교육 실시 후 작업 시작."
37,"
### Input:
1. 렌탈에서 하차시 3점지지 미이행 / 계단 발판 미확인
### Response:
1. 작업자 교육 실시 및 안전교육 철저 이행, 사고사례 전파를 통한 재발 방지 대책 마련."
38,"
### Input:
동주변 토공정리 완료 전 이동
### Response:
작업자 안전교육 실시 및 작업장 주변 정리 철저."
39,"
### Input:
주차장 램프 시스템비계 위에서 치장벽돌 쌓기 작업 중 작업도구를 가지러 비계발판에서 창호쪽으로 이동하던 중 미끄러지면서  비계와 발판 사이로 빠지면서 좌측 가슴부위를 창호 인방 모서리에 부딪힌 사고
### Response:
작업 전 안전교육 실시 및 안전관리 철저, 재발 방지를 위한 조치 계획."
40,"
### Input:
1. 협소공간에서 지속적인 작업2. 근골격계질환 교육 미실시
### Response:
근로자 안전교육 실시 및 재발 방지 대책 수립."
41,"
### Input:
1층 바닥 슬라브 거푸집 눈 대비 천막 보양 작업 중 부주위에 의한 사고
### Response:
작업 전 안전교육 실시 및 안전관리 철저."
42,"
### Input:
바닥에 헛딛으면서 넘어져 손목 골절됨
### Response:
작업 전 안전교육 실시 및 작업장 주변 정리정돈 철저."
43,"
### Input:
시스템 비계 과적재
### Response:
작업 전 안전교육 실시 및 작업자 교육 철저."
44,"
### Input:
비계 발판 해체 작업 중 비계발판의 무게를 견디지 못하고 추락
### Response:
작업 전 안전교육 실시와 안전장구 착용 철저, 사고사례 전파 및 재발 방지를 위한 조치 계획."
45,"
### Input:
근로자 부주의로 인한 넘어짐
### Response:
작업 전 안전교육 실시 및 작업장 주변 정리정돈 철저."
46,"
### Input:
현장관리미흡
### Response:
작업자 안전교육 실시 및 현장 관리 철저."
47,"
### Input:
수공구 사용 시 집중력 분산
### Response:
작업 전 안전교육 실시 및 작업자 관리 철저."
48,"
### Input:
작업수칙 미준수 및 불안전한 행동
### Response:
작업수칙 준수와 안전교육 실시."
49,"
### Input:
상기 일시에 재해자가 굴착기와 우수관로 앞쪽에서 굴착잡업 위한 신호를 하던중, 굴착기와 과도한 접근 및 굴착기장비원의 시야확보 부족으로 굴착기 버켓에 오른쪽 발등을 찍힘
### Response:
작업 전 안전교육 실시 및 작업자 안전교육 철저."
50,"
### Input:
시스템 동바리 해체 작업 중 재해자가 멍에를 받아서 안고 미끄러지면서 시스템 횡대에 왼쪽 갈비뼈를 부딪힘
### Response:
작업 전 안전교육 실시와 작업자 안전장구 착용 철저, 작업 전후 안전점검 실시 및 위험요소 사전 제거 조치."
51,"
### Input:
고속절단기가 정지하지 않은 상태에서 목재 제거를 시도하여 발생. (고속절단기 사용방법의 미숙)
### Response:
작업 전 안전교육 실시 및 작업자 교육 철저, 고속절단기 사용 방법 숙지와 안전사고 예방을 위한 특별 관리감독 실시."
52,"
### Input:
지붕 판넬 시공전 서리로 인해 미끄러져 떨어짐
### Response:
작업 전 안전교육 실시 및 작업자 안전장구 착용 철저."
53,"
### Input:
사다리 전도방지장치 미설치, 관리감독자 관리 미흡, 작업자 부주의
### Response:
작업전 안전교육 실시 및 사고사례 전파를 통한 재발 방지 대책."
54,"
### Input:
화재감시중 바닥자재에 걸려 넘어짐
### Response:
작업 전 안전교육 실시 및 작업장 주변 정리정돈 철저."
55,"
### Input:
플랜트 공으로 근무하던 작업자가 작업 내용을 다른 직원에게 인수인계하기 위하여 교반기를 작동하였으나 교반기 날개에 묻어있던 시멘트가 튀어서 알레르기가 발생하였다고 주장
### Response:
작업 전 안전교육 실시와 사고사례 전파를 통한 재발 방지 대책."
56,"
### Input:
관리미흡
### Response:
재발 방지 대책."
57,"
### Input:
재해자의 안전수칙 미준수 등
### Response:
안전교육 실시 및 재발 방지 대책."
58,"
### Input:
지상 3층 A존 천정 경량골조 사이즈 실측 후 말비계에서 내려오던 중 바닥에 디딤과 미끄러지면서 왼쪽 발을 접지름.
### Response:
작업 전 안전교육 실시와 작업자 안전교육 철저, 안전관리감독자 배치 및 현장 관리 감독 철저."
59,"
### Input:
사다리 위에서 실리콘 작업을 마치고 내려오던 중 미끄러져 넘어지면서 안전모가 벗겨져 머리쪽에 창상이 발생함
### Response:
작업 전 안전교육 실시와 안전장비 착용 철저, 사고자 치료 및 재발 방지를 위한 조치 계획."
60,"
### Input:
난간 도장시 불안전한 자세로 무리하게 도장작업을 진행하다가 사고가 발생함(상체를 숙이지 않고, 사다리를 이용하거나 틈 사이로 손을 집어넣어 작업이 가능한 상태였음)
### Response:
사고 재발 방지 대책 및 향후 조치 계획."
61,"
### Input:
매일 아침TBM 시간에 현장 내 결빙 구간 미끄럼 위험에 관하여 전파 및 교육을 진행 하였으나, 작업자의 부주의한 행동으로 인해 발생
### Response:
작업자 안전교육 실시와 함께 TBM시간에 현장 내 결빙구간 미끄럼 사고 예방을 위한 특별안전교육 실시."
62,"
### Input:
작업자서, 동작의 결함, 인적요인(고령 73세)- '23년 12월 27일 14시경 현장에서 1톤 진동롤러를 수동으로 시동을 걸다 회전하는 스타팅 핸들에 오른손 새끼손가락 및 손등 부딪힌 사고로 작업의 환경적 요인(동작의 결함)에 의해 사고 발생
### Response:
작업 전 안전교육 실시와 작업자의 주의력 향상 교육 실시."
63,"
### Input:
천정해체/정리작업 중 공사현장 정리정돈 상태를 충분히 확인하지 않은 채 작업하여 물체 낙하를 예상하지 못하여 상해를 입음.
### Response:
공사현장 정리정돈 상태를 철저히 확인하고, 안전교육 실시 및 재발 방지 대책 수립."
64,"
### Input:
방총작업 중 배관호스에 걸려 넘어진 사고이며, 근로자간 의사소통 미흡으로 인한 사고로 판단됨
### Response:
근로자 안전교육 실시 및 작업 전 안전점검 철저."
65,"
### Input:
작업자 부주의
### Response:
안전교육 실시 및 안전관리 철저."
66,"
### Input:
장비 근로자 동시작업중 근로자를 인지하지 못한 장비에 의해 안전사고 발생
### Response:
근로자 교육 및 재발 방지 대책."
67,"
### Input:
작업자 부주의
### Response:
안전교육 실시 및 안전관리 철저."
68,"
### Input:
철골작업을 위해 부재에 샤클을 체결하여 인양하는 작업 추진 중 자재의 전도로 재해자의 왼쪽 발등에 얹힘으로서 사고 발생
### Response:
안전교육 실시 및 안전관리 철저를 통한 재발 방지 대책."
69,"
### Input:
작업 중 철근 상부 결빙으로 인해 미끄러져 발등을 다침
### Response:
철근 작업 시 안전교육 실시 및 철근 작업 전후 안전점검 실시."
70,"
### Input:
화장실 PIT 터파기구간 청소작업중 결빙구간에 미끄러지면서 발목이 접질려서 발목골절 재해 발생함
### Response:
동일한 사고가 반복되지 않도록 안전교육 실시 및 작업자 안전교육 철저."
71,"
### Input:
자재 정리 중 바닥의 자재를 확인하지 못하고 걸려 넘어짐
### Response:
작업 전후 안전교육 실시 및 작업장 주변 정리정돈 철저."
72,"
### Input:
재해자인 비계공이 2인 1조로 단관비계파이프 정리 중 오른손 집게손가락이 파이프에 부딪혀 골절 발생
### Response:
작업 전 안전교육 실시와 작업자 간 협의를 통한 재발 방지 대책 마련."
73,"
### Input:
내부 계단 현장 내 조도 미확보 및 결빙구간 방치로 인해 미끄러져 넘어지면서 어깨 탈골
### Response:
현장 내 조명 설치 및 결빙 구간에 대한 안전 관리 철저."
74,"
### Input:
작업자 보호구 미착용상태로 작업(보안경 미착용)
### Response:
작업 전 안전교육 실시 및 안전장비 착용 철저."
75,"
### Input:
타워크레인 부위 H빔 설치 시 작업공간이 부족하여 지그 끝단에  H빔을 올리고 작업 중 바깥으로 기울어지는 H빔을 잡으려다 왼쪽손목 협착
### Response:
작업 전 안전교육 실시 및 사고사례 전파, 타워크레인 작업 시 작업자 안전교육 철저와 안전관리 강화."
76,"
### Input:
재해자가 104동 1코어 17층 세대 내부 벽체 견출 작업을 마치고 계단실로 이동하던 중 왼손에는 사모래통(10L 내 ¾ 정도 들어있었음) 오른손에는 미장용 칼(고대) 를 들고있는 상태에서 바닥이 얼음이 얼어있는 것을 인지하지 못하고 계단참 입구에서 넘어지면서 오른손 손목을 미장용칼이랑 같이 짚으면서 손목이 골절됨
### Response:
작업 전 안전교육 실시와 현장 관리감독 철저, 재발 방지를 위한 조치 계획."
77,"
### Input:
23.12.26 16시30분경 석재 작업을 마치고 비계에서 내려온 후 이동하다가 넘어지면서 손으로 바닥을 짚는 과정에서 손목통증을 호소함
### Response:
작업 전 안전교육 실시 및 안전장비 착용 철저, 사고사례 전파를 통한 재발 방지 대책 수립과 향후 조치 계획."
78,"
### Input:
축사현장 H빔 설치 작업중 크레인실링바에서 H빔 낙하하여 사고 낙하원인 알수 없음
### Response:
작업 전 안전교육 실시 및 현장 관리 철저."
79,"
### Input:
1층 슬라브 거푸집 해체공사 작업중 바닥에 있는 서포트 자재를 뒷걸음질로 옮기면서 바닥단차(H:50mm) 부위에 발이 걸려 넘어지면서 새끼발가락이 골절됨.
### Response:
작업 전 안전교육 실시와 현장관리 철저, 재해자 치료 및 보상 조치."
80,"
### Input:
작업자 부주의로 보온재 이동중 바닥 보양천막에 미끄러져 넘어짐
### Response:
작업 전 안전교육 실시 및 작업장 주변 정리정돈 철저."
81,"
### Input:
작업자 부주의
### Response:
안전교육 실시 및 안전관리 철저."
82,"
### Input:
언제: 2024년 12월 26일 14시경어디서: 동측 휀스 내부누가 : 000(안전관리자 46세)무엇을 : 휀스내 안전 현수막 설치어떻게: 바득으로부터 115cm 위 전기 분전함 위에서 뛰어 내리다 착지 후 무릎에 충격 발생왜 : 승강 사다리 등을 설치하지 않고 작업
### Response:
작업 시 안전사고 예방 교육 실시 및 안전교육 철저 이행."
83,"
### Input:
판넬 절단 작업시 2인1조 작업 미 준수 및 작업대 미사용, 절단 작업 기준 미준수
### Response:
작업자 교육 실시와 안전교육 강화."
84,"
### Input:
재해자의 불안전한 행동으로 인한 넘어짐 사고
### Response:
작업 전 안전교육 실시와 작업장 내 위험요소 제거 및 재발 방지 대책 마련."
85,"
### Input:
토사 천공이르 예측하여 오거 천공하였으나 크고작은 호박돌이 오거에 끼여 제거 작업 중 손가락 끼임 사고 발생
### Response:
작업 전 안전교육 실시와 안전장비 착용 철저, 안전관리감독자 배치 및 현장 관리 철저."
86,"
### Input:
A동 내부 콘크리트 타설 완료 후 펌프카로 연결된 콘크리트 이송 배관 해체작업 중 전면의 미해체된 이송배관이 순간적으로 낮아지면서 사고지점의 관이 위쪽으로 올라가면서 이송배관이 피재인의 좌측 흉부를 가격
### Response:
사고 발생 즉시 응급조치 및 안전교육 실시와 향후 재발 방지를 위한 조치 계획."
87,"
### Input:
2023년 12월 26일 11:00분경 작업 종료 후 신호수가 유도하여 궤도식 렌탈(작업대에 조작장치가 있음)을 타고 이동하던 중 102동 103동 사이 슬라브(콘크리트 바닥) 단차부에 작업대가 걸려 반동으로 인하여 운전자가 떨어져 발생한 재해.
### Response:
작업 전 안전교육 실시 및 안전관리 철저, 사고사례 전파를 통한 재발 방지 대책."
88,"
### Input:
작업순서 미준수(낙하물 발생 우려가 있는 장소에서 근접하여 작업)
### Response:
작업자 안전교육 실시 및 재발 방지 대책 수립."
89,"
### Input:
재해자가 세대(104동 2201호) 내 폐기물 정리작업을 하기위해 작은방에서 세대현관으로 이동중 현관문틀에 발이걸려 몸의 중심을 잃으며 운반중인 폐기물에 좌측늑골을 부딪힘
### Response:
작업 전 안전교육 실시와 작업장 주변 청소 및 정리정돈 철저, 재발 방지 대책 마련."
90,"
### Input:
사다리가 미끄러지지 않도록 2인1조 작업 및 하부에서 견고히 잡아주었어야 했으나 미흡했음.
### Response:
작업 전 안전교육 실시와 사전 점검 철저, 안전장비 착용 철저, 2인1조 작업과 하부에서 견고한 지지 철저."
91,"
### Input:
1001호 자재인양구 덮개 인위적 해체로 인하여 추락사고 추정
### Response:
자재인양구 덮개 설치 및 안전교육 실시."
92,"
### Input:
불안전한 자세 및 동작
### Response:
근로자 안전교육 실시와 작업 전 안전점검 실시."
93,"
### Input:
작업장 주변 정리정돈 및 청소 관찰 부주의
### Response:
작업장 주변 정리정돈 및 청소 철저, 작업자 안전교육 실시."
94,"
### Input:
몰탈을 용기에 담아 1.2M 높이 발판에 올리려다 어깨에 통증을 느끼고 퇴근 후까지 통증이 지속됨
### Response:
작업 전 안전교육 실시와 작업자 건강관리 철저, 재발 방지 대책 마련 및 향후 조치 계획."
95,"
### Input:
작업자가 양손에 작업 공구를 들고 작업발판을 내려오다 발을 헛디뎌 넘어지며 손목에 골절 발생
### Response:
작업자 안전교육 실시 및 재발 방지를 위한 조치 계획."
96,"
### Input:
결빙된 바닥을 걷다가 미끄러져 앞으로 넘어짐.
### Response:
작업 전 안전교육 실시와 작업장 주변 정리정돈 철저."
97,"
### Input:
106동 필로티에서 조적작업을 위해 점화된 고체연료를 이용하여 예열 중 고체연료를 등지고 전동믹서기를 수리하다가 옷이 화구에 근접하여 불이 옮겨 붙어 재해 발생(2도 화상)
### Response:
작업자 안전교육 실시 및 작업장 내 위험요소 제거."
98,"
### Input:
작업전 작업물(크레인 와이어)을 제대로 고정하지 않고 작업 하였고, 불안정한 자세로 작업을 진행하여 결과적으로 작업자의 부주의로 이어졌음.
### Response:
작업 전 안전교육 실시와 작업자 교육 철저를 통한 재발 방지 대책."
99,"
### Input:
작업자 보행중 전방주시 불량에 의한 발걸림에 의함 넘어짐 사고
### Response:
작업자 안전교육 실시 및 작업장 내 위험요소 제거를 통한 재발 방지 대책."
100,"
### Input:
철근 자재를 이동 통로 주위에 적재  및  작업자의 이동중 주위확인 미흡
### Response:
작업자 안전교육 실시와 철근 자재 적재 위치 변경."
101,"
### Input:
당현장에서 1년2개월정도(23년2월~24년4월까지) 근무하였으며 4월이후 현장엔 없었으나 협착증 진단을 받은 후 24년 11월에 산재신청함으로 건설사고 등록함
### Response:
건설사고 등록 및 향후 재발 방지 대책."
102,"
### Input:
사다리 거치시 불안전 거치로 인한 사다리 넘어짐
### Response:
작업 전 안전교육 실시 및 작업자 교육 철저."
103,"
### Input:
사용하던 윈치와이어의 전원을 끄지 않은 상태로 정리 중 손가락 협착
### Response:
작업전 안전교육 실시 및 작업자 안전교육 철저, 사고사례 전파를 통한 재발 방지 대책."
104,"
### Input:
휴일작업 금지날 임의로 현장 출입하여 자재정리정돈 및 현장 주변 야적장으로 지게차 운반작업중 지게발에서 자재가 떨어져 신호수의 발등에 상해를 입힘
### Response:
현장 안전교육 실시와 작업 전 사전점검 철저, 휴일작업 금지 준수, 재발 방지를 위한 조치 계획."
105,"
### Input:
- 근로자의  자재 하역 시 부주의로 발생한 사고
### Response:
- 작업 전 안전교육 실시 및 안전관리 철저."
106,"
### Input:
하부 배관 걸림 위험 존재 사전 제거 미흡
### Response:
작업 전 안전교육 실시 및 작업자 교육 철저."
107,"
### Input:
빙결구간에 미끌려 넘어짐
### Response:
빙판길 주의 및 안전교육 실시."
108,"
### Input:
작업자가 23일에 46kg정도의 산소통을 혼자서 인양하다가 허리를 삐끗하였으나 큰 통증이없어 작업을 진행하였고 25일에 휴식중 허리통증이 생겨 움직이지 못하는 근골격계 질환 발생
### Response:
근로자의 안전교육 실시와 재발 방지 대책."
109,"
### Input:
복공판 하부 합벽지지대 해체 작업 후 내려오기 위해 합벽지지대 중간에 설치된 수평 파이프를 손으로 지지할 때 수평파이프가 고정이 되어 있지 않아 중심을 잃고 1M높이에서 추락
### Response:
작업 전 안전교육 실시와 사고사례 전파 및 재발 방지를 위한 조치 계획."
110,"
### Input:
거푸집 설치를 위해 유로폼 운반 중 거푸집 낙하로 손가락 협착
### Response:
작업 전 안전교육 실시 및 작업자 안전장구 착용 철저."
111,"
### Input:
작업자가 철근 운반 중 비탈길에서 미끄러짐
### Response:
철근운반 시 안전교육 실시 및 작업자 안전장구 착용 확인."
112,"
### Input:
이동 중 안전벨트 고리 결속 해체
### Response:
안전교육 실시 및 안전관리 철저."
113,"
### Input:
1) 그라인더 타입 부적정 2) 협소구간 작업자세 불안정
### Response:
작업자세 교정 및 안전교육 실시."
114,"
### Input:
시스템동바리 해체 중 개구부 덮개를 해체하여 추락
### Response:
작업 전 안전교육 실시 및 작업자 안전교육 철저."
115,"
### Input:
이동식 틀비계에서 내려오던 중 떨어짐
### Response:
작업 전 안전교육 실시와 이동식틀비계 설치 및 해체 시 작업자 안전교육 실시."
116,"
### Input:
손에 잡고 있던 쇠지렛대를 놓침
### Response:
작업 전 안전교육 실시와 작업장 내 위험요소 제거 및 관리감독 철저."
117,"
### Input:
사전에 위험요인 제거 미흡.결빙구간 및 장애물을 제거하지 않고 작업.
### Response:
작업 전 사전 안전교육 실시와 현장 확인을 통한 위험요소 제거를 위한 조치 계획."
118,"
### Input:
근로자간의 소통 부재
### Response:
작업 전 근로자 간 안전교육 실시 및 작업 전후 안전점검 실시."
119,"
### Input:
자재(파이프) 운반 중 눈길에 미끌어져 넘어지면서 콘크리트 타설을 위해 설치해놓은 철근에 찔림
### Response:
작업 전 안전교육 실시 및 작업장 주변 정리정돈 철저, 자재운반 시 안전수칙 준수 교육 실시."
120,"
### Input:
비계에서 띠장 보걸이 해체 보조작업 후 비계 수직 승강용 사다리를 통해 해치발판을 열고 내려오던 중 해치발판을 다시 닫는 과정에서 왼쪽 엄지손기락 끝부분이 해치발판에 끼임
### Response:
해치발판의 안전사고 방지를 위한 조치 계획."
121,"
### Input:
작업자 부주의
### Response:
안전교육 실시 및 안전관리 철저."
122,"
### Input:
지하2층 계단실 거푸집 설치 작업중 휴대용 목공 원형톱으로 목재를 절단하던중 원형톱의 조작 미숙으로 원형톱의 몸체에 왼쪽 엄지 손가락 손톱 부분을 타격받아 상해
### Response:
원형톱 사용 전 안전교육 실시 및 안전장비 착용 철저, 사고자 치료 후 재발 방지를 위한 특별 관리 계획 수립."
123,"
### Input:
폐목상차를 준비하기위해 폐목을 정리하던중 작업자의 부주의로 폐목에 다리가 걸려 넘어지면서 손목을 짚어 손목 골절(실금)
### Response:
작업 전 안전교육 실시와 사고사례 전파 및 재발 방지를 위한 조치 계획."
124,"
### Input:
거푸집 보 보강작업 중 바닥이 미끄러워 넘어짐
### Response:
안전교육 실시 및 안전장비 지급."
125,"
### Input:
결빙구간에서 보행중 미끄러져 넘어짐
### Response:
작업자 안전교육 실시 및 작업장 주변 결빙구간 정리."
126,"
### Input:
새벽 강설로 인해 자재 표면이 얼어 있어 정리중인 자재가 미끌어 짐, 자재 적재 후 적치물 표면 이물질 제거 미흡
### Response:
자재 적재 시 작업 전후 안전교육 실시 및 자재 적재 후 적치물 표면 이물질 제거 철저."
127,"
### Input:
2023년 12월 23일 오전 09시30분경 옥상층 바닥 슬라브에서 슬라브 상부 철근에 걸려 넘어져 철근에 우측손목을 짚다가 재해 발생
### Response:
작업 전 안전교육 실시와 작업자 안전교육 및 관리감독 강화."
128,"
### Input:
비계 난간대 수정작업 중, 작업자의 부주의로 해체 위치를 미확인하고 클램프를 해체하여 결속되어 있던 자재 하강
### Response:
자재 고정 및 해체 시 안전교육 실시와 현장 관리감독 철저."
129,"
### Input:
피해자가 기계실 PIT에서 철근배근 작업 중 이동하다 옹벽 수평철근에 오른쪽 눈꺼풀을 찔림
### Response:
작업 전 안전교육 실시와 현장관리자의 주기적인 순찰 및 점검, 사고사례 전파를 통한 재발 방지 대책."
130,"
### Input:
주방가구 조립중 문짝설치를 위해 기 설치된 주방상판을 이동시키는 중 주방가구 사이애 왼손 검지와 중지가 협착되어 골절됨
### Response:
작업 전 안전교육 실시 및 작업자 안전장비 착용 철저, 사고사례 전파를 통한 재발 방지 대책 마련."
131,"
### Input:
강풍에 의하여 컨테이너 문이 닫히지 않도록 조치 하지 않아 컨테이너 문이 닫히면서 손가락 협착됨.
### Response:
작업 전 안전교육 실시 및 작업자 교육 철저."
132,"
### Input:
CPB개구부 유로폼을 받치는 잭서포트가 4개가 받치고 있어야 했으나 2개만 설치된 상태
### Response:
잭서포트 추가설치 및 CPB개구부 유로폼에 대한 안전조치 실시."
133,"
### Input:
작업자 안전고리 미체결 / 신호수 상황 인지하지 못한 상태에서 장비 운전원에게 신호
### Response:
안전교육 실시 및 작업 전 안전점검 철저."
134,"
### Input:
지하1층 바닥슬래브 철근배근구간 이동중 미끄러져 철근사이로 발이 빠져 오른쪽 발목부위 다침
### Response:
작업자 안전교육 실시 및 작업장 주변 정리정돈 철저."
135,"
### Input:
2023년 12월22일 13시30분경 구조물공(전석쌓기) 시공 중 목재(규준들)가 넘어지면서 근자자의 어깨를 가격하여 근로자가 상해를 당함.
### Response:
작업 전 안전교육 실시 및 작업 전후 안전점검 철저, 사고사례 전파와 재발 방지를 위한 조치 계획."
136,"
### Input:
작업자 부주의(비계 횡대 고정 미흡)
### Response:
작업 전 안전교육 실시 및 작업자 교육 철저."
137,"
### Input:
작업자 임의작업(가설 컨테이너 사무실 설치작업 시 2단 컨테이너 설치 중 1단 컨테이너에 사다리를 일자로 불안전 거치하여 올라서서 작업 중 추락 및 전도위험)
### Response:
사고 재발 방지 대책 수립."
138,"
### Input:
PT아시바  발 디딤대 아침시간대라 살짝 미끄러움
### Response:
발 디딤대 설치 및 안전교육 실시."
139,"
### Input:
모듈 양중 중 작업선에 걸려 넘어지는 분전반을 막으려다 발생
### Response:
작업자 안전교육 실시 및 재발 방지 대책."
140,"
### Input:
사무실 이전 작업의 일환으로 책상 테이프 제거 작업 중 칼날이 미끄러짐에 따라 손가락 베임사고 발생
### Response:
작업 전 안전교육 실시와 사고자 치료 및 재발 방지 대책 마련."
141,"
### Input:
재해자가 오탁방지막 줄에 걸려 있는 상황에서 착오로 굴착기가 오탁방지막 줄을 잡아당겨 사고가 발생
### Response:
작업 전 안전교육 실시와 작업자 관리 철저, 재발 방지 대책 마련."
142,"
### Input:
결빙제거 작업 중 미끄러져 넘어짐
### Response:
작업 전 안전교육 실시 및 안전장비 착용 철저."
143,"
### Input:
차량 결함(브레이크 미작동)
### Response:
사고원인 조사 및 재발 방지 대책 수립."
144,"
### Input:
재해자가 항타기 천공작업 중 오거의 미작동으로 인하여 항타기 조종석 옆 윈치 구역에서 와이어로프를 확인하던 중, 갑작스러운 스크류 오거 작동으로 재해자가 밟고 있던 와이어로프가 움직이면서 접촉 충격으로 인해 재해자가 항타기 외부로 떨어짐
### Response:
항타기 작업 전 안전교육 실시 및 안전관리 철저."
145,"
### Input:
지급받은 안전장구류 미착용 및 자재양중 중장비의 전방주시 소홀
### Response:
안전교육 실시와 작업자 관리 철저."
146,"
### Input:
결빙구간 이동 시 부주의
### Response:
작업자 교육 실시 및 안전교육 강화."
147,"
### Input:
코어채취장비 고정장치 사용 미흡하여 기계 회전으로 타격발생
### Response:
작업 전 안전교육 실시 및 작업자 교육 철저."
148,"
### Input:
가시설공사중 항타기 이동을 위해 바닥에 깔린 철판을 인양하여 옮기던중 철판이 가시설 H-beam과 부딪히면서 흔들렸고 그과정에서 항타기 바깥으로 우측발을 내밀고 있던 장비기사의 우측발이 철판과 차체 사이에 끼이면서 우측 발목이 골절 되는 재해 발생
### Response:
작업 전 안전교육 실시와 작업장 주변 정리정돈 철저, 사고사례 전파 및 향후 재발 방지 대책 마련."
149,"
### Input:
2단 이상 구조틀 적재 및 작업을 서두르기 위해 급하게 이동 중 재해 발생.
### Response:
작업 전 안전교육 실시와 작업장 내 위험요소 사전 제거, 안전관리 철저."
150,"
### Input:
잠수사가 장비 착용 후 사다리에서 플로팅 발판(플라스틱재질)으로 이동중 왼쪽발로 플로팅 발판을 딛는 순간 미끄러지면서 오른쪽 발이 사다리 답단 사이로 빠져 넘어진 사고임.
### Response:
작업 전 안전교육 실시와 작업장 주변 정리정돈 철저, 잠수사들의 안전장구 착용 철저 및 안전교육 강화."
151,"
### Input:
비계에 설치된 보양천막을 걷지 않고 이동하려 하다가 천막에 걸려 넘어지며 난간에 가슴을 부딪혀 갈비뼈 골절
### Response:
작업 전 안전교육 실시와 작업자 관리 철저, 비계 및 천막 정리 후 재발 방지 대책."
152,"
### Input:
1) 상호간의 신호체계가 미흡한 상태에서 작업 2) 손가락 끼임에 대한 인지 미흡
### Response:
작업 전 안전교육 실시 및 현장 관리감독 철저."
153,"
### Input:
협력사 2층 컨테이너에 방문 후 내려오던 중 가설계단에서 미끄러져 넘어지면서 오른쪽 옆구리가 계단 턱에 부딪쳐 갈비뼈가 골절됨.
### Response:
작업 전 안전교육 실시와 작업장 내 위험요소 사전 제거 및 관리감독 철저."
154,"
### Input:
수직거푸집 해체 작업 중 2단 거푸집이 재해자 쪽으로 떨어지는 것을 손으로 잡으려다 자재가 우측엄지 손가락을 가격하여 골절
### Response:
작업 전 안전교육 실시와 현장 관리감독 철저, 사고사례 전파 및 향후 재발 방지를 위한 조치 계획."
155,"
### Input:
당 사고는 살수차 작업자가 살수차  물탱크 측면 아래에 있는   물호스(자바라)를  물탱크 상부로 옮기는 과정에서 중심을 잃고 아래 바닥으로 떨어진 사고임
### Response:
작업 전 안전교육 실시와 안전장비 착용 철저, 위험요소 제거 및 관리감독 강화."
156,"
### Input:
추락위험 구간 출입통제 미실시, 추락 방지를 위한 안전시설물 설치 미흡
### Response:
작업자 교육 실시 및 작업 전 사전 점검 철저."
157,"
### Input:
작업자의 불안전한 행동
### Response:
작업자 교육 실시 및 안전교육 강화."
158,"
### Input:
작업자 부주의(현장상태 사전점검 미흡)
### Response:
작업 전 현장상태 사전 점검 철저 및 안전교육 실시."
159,"
### Input:
발 헛디딤으로 넘어지며 동바리에 가슴을 부딪힘
### Response:
안전교육 실시 및 안전장비 착용 철저."
160,"
### Input:
강관파일 근입후 두부보강위해 준비중 미끄러져 좌측 갈비뼈 4번 5번 골절
### Response:
작업 전 안전교육 실시 및 작업자 안전장구 착용 철저."
161,"
### Input:
현장내 207동 지상1층 스라브(콘판넬) 상부 이동 중 중심을 잃고 넘어지면서 적재된 플러스데크에 왼발이 끼여 골절사고 발생
### Response:
작업 전 안전교육 실시 및 작업자 안전교육 철저, 현장 내 위험요소 사전 제거와 관리감독 철저."
162,"
### Input:
2023년 12월 21일 9시 30분경 골조업체 소속 보통인부가 지하 3층 결빙구간 제거 작업 중 단순 넘어짐
### Response:
작업 전 안전교육 실시 및 안전관리 철저."
163,"
### Input:
승강시설이 설치되지 않은 상태에서 적재함 이동 중 미끄러져 넘어짐
### Response:
작업 전 안전교육 실시 및 작업자 안전장구 착용 철저."
164,"
### Input:
작업방법 순서 등 관리감독 미흡
### Response:
작업자 안전교육 실시 및 작업 전 사전 점검 철저."
165,"
### Input:
23.12.21 오전 8:30 건물 내부에서 외부로 자재를 이동하는 중 외부 현관의 콘크리트 바닥이 빙결되어 인부 1명이 미끄러져 옥외배관 터파기 한 곳에 낙상사고 발생
### Response:
작업 전 안전교육 실시 및 작업자 안전장구 착용 철저, 동절기 시설물 관리 철저, 동절기 재해 예방 교육 실시 및 사고사례 전파, 동절기 재해 예방 대책 수립 및 시행."
166,"
### Input:
보양 천막 위로 이동하던 중 미끄러짐
### Response:
작업 전 안전교육 실시 및 작업자 안전장구 착용 철저."
167,"
### Input:
작업반경 내 잔여 폐기물 정리
### Response:
작업 전 안전교육 실시 및 작업자 관리 철저."
168,"
### Input:
오토바이, 덤프트럭 신호 위반 및 지정차로 미 준수로 인한 부주의
### Response:
신호위반 및 지정차로 미준수에 대한 교육 실시와 안전교육 강화."
169,"
### Input:
현장 점검 이동중 제설미흡으로 인한 결빙지역에서 바닥에 미끄러짐
### Response:
작업자 안전교육 실시 및 현장 관리 철저."
170,"
### Input:
원인불명(현재 해경 등 수사기관에서 원인 조사 중) 사유로 기상악화(풍랑주의보)로  인해 부두 근처에서 정박하여 계류 중이던 부선의 선미가 침몰하였고, 침몰을 인지한 승선원 역시 알 수 없는 이유로 탈출하지 않고 선실에 머물러 빠져나오지 못하여 사망하였음(동 항목 위의 사고원인 항목의 분류에는 명확히 해당하는 것이 없어 작업자 부주의로 선택하였음)
### Response:
작업 전 안전교육 실시와 현장 관리감독 철저를 통한 재발 방지 대책."
171,"
### Input:
유도원 통제가 되지 않다 재해자와 유도원의 의사소통 미흡
### Response:
재발 방지를 위한 교육 실시 및 안전교육 강화."
172,"
### Input:
계단 미끄러움, 자재정돈 미흡 등
### Response:
작업 전 안전교육 실시 및 작업자 교육 철저."
173,"
### Input:
근로자 부주의
### Response:
작업 전 안전교육 실시 및 작업장 주변 정리정돈 철저."
174,"
### Input:
소부재 운반관리 소홀
### Response:
작업자 안전교육 실시 및 작업 전후 안전점검 강화."
175,"
### Input:
거푸집 개구부 막음 조치 미흡
### Response:
거푸집 개구부 막음 조치 철저 및 안전교육 실시."
176,"
### Input:
파일 항타 작업 완료 후 파일두부캡 을 양중하여야 하나 운전자 부주의로 항타추 낙하로 부딪힘 사고 발생
### Response:
작업 전 안전교육 실시와 현장 관리감독 철저."
177,"
### Input:
- E/L PIT 바닥면 방수 보호타설작업 준비하기 위해 E/L PIT 내로내려 가던중 넘어져 두부를 다친상황
### Response:
- 작업 전 안전교육 실시 및 안전관리 철저."
178,"
### Input:
2층 철골빔 상부(높이3미터)에 데크플레이트를 인양하여 적재되어 있던 데크플레이트가 지지 미흡으로 깔기 작업 및 이동 중 떨어짐
### Response:
작업 전 안전교육 실시와 안전관리감독자 배치, 안전보호구 착용과 안전수칙 준수 철저."
179,"
### Input:
2023년12월20일(수)11시경 상신플러수 작업자 김민아씨가 210동 관리사무소 내 화장실을 이용하기위해 들어가던중 미끄러짐
### Response:
작업 전 안전교육 실시와 안전관리 철저를 통한 재발 방지 대책."
180,"
### Input:
하천 구조물 신설을 위해 하부의 기존 구조물 철거하는 과정에서 노출된 그라인더 절단 작업중 절단된 철근이 튀어 재해자 손가락에 맞는  사고 발생
### Response:
작업 전 안전교육 실시와 현장 관리감독자의 주기적인 안전점검 및 안전교육 실시."
181,"
### Input:
빙판길에 이동 중 미끄러 넘어짐
### Response:
작업 전 안전교육 실시 및 작업장 주변 정리정돈 철저."
182,"
### Input:
자재정리 및 청소 작업 중 시스템동바리 자재를 움직여 넘어지면서 시스템동바리 자재(횡대)가 사고자의 왼쪽 발등위로 떨어져 금이가는 골절상
### Response:
작업 전 안전교육 실시와 작업장 주변 정리정돈 철저, 작업 전후 안전점검 실시."
183,"
### Input:
덤프트럭 적재함 후면 토사(흙) 청소 근로자가 부러진 빗자루를 임의로 수리하던 중 쪽가위에 왼손 엄지손가락을 찔림
### Response:
작업 전 안전교육 실시와 작업장 주변 정리정돈 철저, 사고 발생 시 응급조치 및 후속 조치 계획."
184,"
### Input:
눈내림으로 인한 지반 결빙상태 미인식
### Response:
작업 전후 안전교육 실시 및 작업자 교육 철저."
185,"
### Input:
옥탑 벽체 철근배근 조립 후 접이식 비계에서 내려올 때 발뒷꿈치를 바닥에 부딪혀 골절됨
### Response:
작업 전 안전교육 실시와 작업자 건강상태 확인 및 관리를 통한 재발 방지 대책."
186,"
### Input:
보행자 통로구간 이동 중 결빙 구간에서 넘어져 손가락 골절
### Response:
동종사고 재발 방지 대책 수립 및 안전교육 실시."
187,"
### Input:
빙판길 닉상(넘어짐)
### Response:
작업 전 안전교육 실시 및 작업자 안전장비 착용 철저."
188,"
### Input:
장비조작자와 현장인원의 사인미스에 따른 사고 발생
### Response:
현장 안전교육 실시 및 작업 전 안전점검 철저."
189,"
### Input:
12월 20일 수요일 08시 30분에 E/V내부에서 해체팀 근무자가 거푸집 해체 작업중 해체된 거푸집을 잡으려다 우측 새끼손가락이 자재에 접촉되어 발생
### Response:
작업 전 안전교육 실시와 안전장비 착용 철저, 사고사례 전파 및 재발 방지 대책 마련."
190,"
### Input:
재해자는 현장에서 미끄러졌다고 하나 목격자 진술로는 미끄러지는 걸 보지 못했다고 진술함
### Response:
작업 전 안전교육 실시와 작업 전후 안전점검 철저, 재발 방지를 위한 조치 계획."
191,"
### Input:
안전의식 부주의
### Response:
작업 전 안전교육 실시 및 작업자 교육 철저."
192,"
### Input:
지하1층 가시설 해체작업중 안전모, 안전벨트, 안전화 등을 착용하였으나, 안전벨트 체결은 하지 못한 상태에서   빔 위로 이동하던 중 몸의 균형을 잃고 5m아래로 추락한 사고
### Response:
안전교육 실시 및 안전관리 철저를 통한 재발 방지 대책."
193,"
### Input:
PHC파일 근입 후 되메우기 완료구간 우천으로 지반 침하 및 재해자 부주의
### Response:
재발 방지 대책 수립과 안전교육 실시."
194,"
### Input:
구미인의대동다숲아파트단지내 000씨가 동호수 페인트작업중 A형사다리에서 내려오며 미끄러져 떨어졌음.
### Response:
안전교육 실시 및 안전장비 착용 철저."
195,"
### Input:
1톤 트럭과 1톤 롤러가 서로 후진하면서, 피해자가 1톤 롤러 손잡이와 1톤 트럭 후미 사이에 끼임.
### Response:
작업 전 안전교육 실시 및 작업장 주변 정리정돈 철저."
196,"
### Input:
장비운전자와 작업자 부주의
### Response:
작업 전 안전교육 실시 및 장비 운전자의 주의를 통한 재발 방지 대책."
197,"
### Input:
2023. 12. 19(화) 15:10분경 113동 지하 5층에서 벽체 유로폼 해체 작업 중, 한 개의 폼이 해체되는 과정에서 옆에 있던 유로폼도 같이 탈락되며 유로폼 사이 손가락이 끼어 오른쪽 새끼손가락 골절
### Response:
작업 전 안전교육 실시 및 현장 관리감독 철저를 통한 재발 방지 대책 수립."
198,"
### Input:
충분한 스트레칭을 하지 않아 신체 부하로 인한 근육 손상, 무리한 작업 동작
### Response:
근골격계 질환 예방 교육 실시 및 재발 방지 대책 수립."
199,"
### Input:
유로폼 해제 작업간 떨어진 작업공구(빠루)가 사고자의 안면을 스치듯 타격함
### Response:
작업자 안전교육 실시 및 재발 방지 대책 수립."
